﻿<?xml version="1.0" encoding="UTF-8"?>
<ФайлОбмена ДатаВыгрузки="2013-09-06T13:25:28">
	<products>
		<product>
			<id>00233</id>
			<price>1305</price>
			<quantity>2</quantity>
		</product>
		<product>
			<id>05267</id>
			<price>426</price>
			<quantity>6</quantity>
		</product>
		<product>
			<id>05453</id>
			<price>610</price>
			<quantity>10</quantity>
		</product>
		<product>
			<id>05719</id>
			<price>192</price>
			<quantity>0</quantity>
		</product>
		<product>
			<id>06085</id>
			<price>169</price>
			<quantity>14</quantity>
		</product>
		<product>
			<id>06093</id>
			<price>113</price>
			<quantity>12</quantity>
		</product>
		<product>
			<id>06192</id>
			<price>1305</price>
			<quantity>2</quantity>
		</product>
		<product>
			<id>06194</id>
			<price>1665</price>
			<quantity>3</quantity>
		</product>
	</products>
</ФайлОбмена>